"Agent_ID","Cluster","Team_Size","Sprint_Length_Weeks","Commit_Frequency_Per_Day","Security_Debt","Vulnerabilities_Open","Automated_Scan_Coverage","Predicted_Security_Debt","Residual_Error"
1,"Cluster 2",23,1,10,39.04,17,61,41.75,-2.71
2,"Cluster 3",50,2,1,69.62,31,44,71.42,-1.8
3,"Cluster 1",10,2,17,21.3,11,80,22.87,-1.57
4,"Cluster 3",48,2,4,74.21,32,40,73.87,0.34
5,"Cluster 3",53,2,2,74.35,30,46,69.67,4.68
6,"Cluster 2",27,1,8,52.42,22,55,49.37,3.05
7,"Cluster 1",12,2,12,16.96,7,96,15.8,1.16
8,"Cluster 3",52,2,4,81.99,33,33,78.29,3.7
9,"Cluster 1",9,2,16,17.19,7,91,16.04,1.15
10,"Cluster 1",13,4,16,12.81,8,87,15.76,-2.95
11,"Cluster 3",53,2,5,70.31,33,52,71.46,-1.15
12,"Cluster 1",6,2,14,19.69,13,81,22.6,-2.91
13,"Cluster 1",7,3,13,23.47,12,75,22.99,0.48
14,"Cluster 1",10,2,16,23.2,11,82,21.92,1.28
15,"Cluster 2",28,1,6,36.26,18,69,43.03,-6.77
16,"Cluster 3",54,2,3,79.04,36,37,79.04,0
17,"Cluster 2",24,1,6,44.39,19,59,45,-0.61
18,"Cluster 2",24,1,6,47.29,21,56,47.11,0.18
19,"Cluster 2",17,2,10,47.79,23,64,46.46,1.33
20,"Cluster 3",47,3,1,74.24,30,50,70.92,3.32
21,"Cluster 3",53,2,3,74.84,31,44,72.17,2.67
22,"Cluster 1",9,2,12,16.06,10,83,19.08,-3.02
23,"Cluster 1",9,2,18,12.69,6,95,14.56,-1.87
24,"Cluster 3",42,2,2,72.28,32,50,72.16,0.12
25,"Cluster 1",6,2,17,21.91,9,78,21.07,0.84
26,"Cluster 1",13,2,13,21.02,10,94,18.29,2.73
27,"Cluster 1",8,1,16,8.87,8,86,16.61,-7.74
28,"Cluster 1",4,1,17,19.3,11,82,21.5,-2.2
29,"Cluster 2",22,1,8,46.63,21,61,47.04,-0.41
30,"Cluster 2",28,1,7,40.02,20,73,41.11,-1.09
31,"Cluster 3",44,2,4,75.64,31,42,73.2,2.44
32,"Cluster 3",48,1,4,81.12,34,36,79.53,1.59
33,"Cluster 1",13,2,19,28.28,14,66,27.59,0.69
34,"Cluster 3",50,1,3,76.23,34,44,75.82,0.41
35,"Cluster 2",23,2,9,43.24,21,66,44.4,-1.16
36,"Cluster 1",4,2,12,13.28,9,86,17.61,-4.33
37,"Cluster 3",51,2,2,80.89,35,30,80.75,0.14
38,"Cluster 2",24,2,9,43.57,22,55,48.23,-4.66
39,"Cluster 2",25,2,10,52.12,25,51,51.81,0.31
40,"Cluster 2",32,1,8,44.03,20,57,44.64,-0.61
41,"Cluster 2",23,2,7,35.76,19,65,42,-6.24
42,"Cluster 1",12,2,13,21.74,10,86,19.85,1.89
43,"Cluster 1",13,2,15,18.72,12,92,19.34,-0.62
44,"Cluster 2",28,1,7,50.01,24,62,50,0.01
45,"Cluster 2",22,2,9,34.63,16,72,37.62,-2.99
46,"Cluster 2",26,2,8,48.38,23,66,47.22,1.16
47,"Cluster 2",30,3,4,50.29,21,59,48.11,2.18
48,"Cluster 1",12,2,15,23.73,14,86,22.38,1.35
49,"Cluster 2",27,1,13,50.94,22,60,46.68,4.26
50,"Cluster 3",43,4,2,91.15,37,29,80.51,10.64
51,"Cluster 2",30,2,9,44.34,20,64,45.37,-1.03
52,"Cluster 1",10,2,15,26.08,12,78,23.35,2.73
53,"Cluster 3",52,2,4,78.7,34,39,77.6,1.1
54,"Cluster 2",28,2,8,52.66,22,65,47.49,5.17
55,"Cluster 1",5,2,16,17.38,9,87,17.65,-0.27
56,"Cluster 2",31,1,7,44.98,19,63,43.9,1.08
57,"Cluster 2",27,2,8,50.43,25,53,51.42,-0.99
58,"Cluster 3",48,2,1,79.78,34,33,80.02,-0.24
59,"Cluster 3",51,1,5,69.52,30,44,70.76,-1.24
60,"Cluster 2",27,2,7,47.33,20,65,46.15,1.18
61,"Cluster 1",11,3,17,16.05,7,89,15.42,0.63
62,"Cluster 2",25,1,12,44.55,20,64,43.91,0.64
63,"Cluster 2",17,2,8,35.61,15,73,35.6,0.01
64,"Cluster 2",27,2,10,43.84,19,59,43.53,0.31
65,"Cluster 3",46,1,3,79.45,36,35,79.01,0.44
66,"Cluster 1",8,2,11,17.79,12,79,21.7,-3.91
67,"Cluster 3",53,3,5,71.42,31,42,71.73,-0.31
68,"Cluster 3",51,2,1,64.49,29,50,68.15,-3.66
69,"Cluster 3",48,2,2,91.11,39,30,84.52,6.59
70,"Cluster 1",10,3,17,16.14,10,87,17.65,-1.51
71,"Cluster 3",52,2,5,74.42,33,52,72.04,2.38
72,"Cluster 1",8,2,14,11.25,7,99,13.89,-2.64
73,"Cluster 1",13,2,12,20.85,12,83,21.88,-1.03
74,"Cluster 2",33,2,10,33.84,18,81,37.08,-3.24
75,"Cluster 1",7,3,13,20.86,12,91,19.53,1.33
76,"Cluster 2",31,3,12,49.79,22,60,47.39,2.4
77,"Cluster 2",26,3,8,39.17,17,71,38.59,0.58
78,"Cluster 1",11,2,14,13.77,7,91,15.01,-1.24
79,"Cluster 2",22,4,6,48.37,21,64,45.59,2.78
80,"Cluster 2",23,1,7,46.45,23,64,47.57,-1.12
81,"Cluster 2",22,3,9,40.25,19,73,41.08,-0.83
82,"Cluster 1",8,1,15,24.96,12,81,24.09,0.87
83,"Cluster 1",18,2,15,12.89,10,93,17.65,-4.76
84,"Cluster 3",53,1,1,83.67,35,41,78.04,5.63
85,"Cluster 2",24,1,8,43.73,19,68,43.18,0.55
86,"Cluster 1",14,4,15,19.43,9,87,17.84,1.59
87,"Cluster 3",51,2,3,66.95,31,46,70.19,-3.24
88,"Cluster 3",48,2,2,70.88,29,50,70.75,0.13
89,"Cluster 3",53,2,1,72.84,31,39,73.71,-0.87
90,"Cluster 2",25,2,12,41.02,21,61,44.23,-3.21
91,"Cluster 2",25,2,8,38.97,19,71,40.92,-1.95
92,"Cluster 1",5,2,16,21.32,12,88,20.48,0.84
93,"Cluster 2",27,2,8,58.8,24,53,50.58,8.22
94,"Cluster 1",10,2,12,8.91,8,90,14.62,-5.71
95,"Cluster 2",25,2,5,32.33,16,79,34.99,-2.66
96,"Cluster 2",22,2,8,40.2,20,69,43.48,-3.28
97,"Cluster 3",57,2,2,68.25,28,53,68.31,-0.06
98,"Cluster 2",23,2,10,44.51,19,73,41.37,3.14
99,"Cluster 1",12,2,16,13.55,8,91,15.1,-1.55
100,"Cluster 1",10,2,12,26.42,14,78,25.19,1.23
101,"Cluster 1",7,2,15,13.76,6,76,18.5,-4.74
102,"Cluster 2",28,1,13,46.5,20,61,44.02,2.48
103,"Cluster 1",18,1,13,36.99,18,69,37.54,-0.55
104,"Cluster 3",51,1,1,76.37,35,48,74.85,1.52
105,"Cluster 1",10,3,18,19.02,9,77,20.18,-1.16
106,"Cluster 3",51,1,6,84.92,38,36,81.06,3.86
107,"Cluster 3",46,2,1,76.8,32,43,74.54,2.26
108,"Cluster 1",7,2,16,21.6,11,92,19.74,1.86
109,"Cluster 1",7,2,15,23.64,14,83,23.86,-0.22
110,"Cluster 2",22,4,7,37.12,17,71,38.62,-1.5
111,"Cluster 3",51,2,4,73.86,31,47,70.6,3.26
112,"Cluster 2",27,1,8,40.16,16,71,39.94,0.22
113,"Cluster 2",29,3,10,41.32,19,66,41.32,0
114,"Cluster 3",47,2,4,68.47,31,54,67.74,0.73
115,"Cluster 1",12,2,13,17.77,9,87,17.78,-0.01
116,"Cluster 2",24,2,7,48.09,23,58,48.71,-0.62
117,"Cluster 1",16,2,15,22,14,86,22.2,-0.2
118,"Cluster 3",47,2,5,69.65,32,36,73.94,-4.29
119,"Cluster 1",15,3,16,5.74,6,92,11.47,-5.73
120,"Cluster 1",11,1,17,22.63,12,81,23.51,-0.88
121,"Cluster 1",13,2,13,24.8,13,81,23.57,1.23
122,"Cluster 2",24,2,8,39.09,19,70,41.03,-1.94
123,"Cluster 2",23,2,13,50.74,22,65,46.67,4.07
124,"Cluster 2",27,3,7,44.58,19,54,44.98,-0.4
125,"Cluster 2",23,2,11,36.38,18,68,41.22,-4.84
126,"Cluster 3",60,1,2,74.7,32,32,75.37,-0.67
127,"Cluster 2",26,2,9,44.42,22,59,47.36,-2.94
128,"Cluster 2",23,3,11,40.39,18,67,39.04,1.35
129,"Cluster 2",24,2,8,43.03,18,67,42.16,0.87
130,"Cluster 1",8,2,17,14.92,10,90,16.77,-1.85
131,"Cluster 1",10,2,16,14.25,9,96,15.53,-1.28
132,"Cluster 3",50,2,4,73.01,33,37,76.23,-3.22
133,"Cluster 1",12,2,15,18,8,82,18.41,-0.41
134,"Cluster 1",4,2,17,22.09,14,90,19.98,2.11
135,"Cluster 1",11,2,13,28.05,13,77,25.51,2.54
136,"Cluster 1",12,2,15,16.54,8,83,18.34,-1.8
137,"Cluster 3",50,2,3,70.76,32,46,71.09,-0.33
138,"Cluster 3",54,3,2,70.06,30,33,73.33,-3.27
139,"Cluster 3",49,2,7,87.39,39,26,82.53,4.86
140,"Cluster 1",10,2,18,16.08,9,89,15.83,0.25
141,"Cluster 2",27,2,10,40.45,19,71,41.52,-1.07
142,"Cluster 1",13,2,17,14.07,8,90,15.14,-1.07
143,"Cluster 2",26,2,9,42.44,21,65,45.21,-2.77
144,"Cluster 2",27,2,5,31.96,16,66,37.82,-5.86
145,"Cluster 3",51,2,1,69.04,28,43,70.17,-1.13
146,"Cluster 2",28,1,10,38.38,17,71,40.7,-2.32
147,"Cluster 2",22,2,8,56.72,23,54,50.77,5.95
148,"Cluster 2",19,1,7,43.14,18,71,42.16,0.98
149,"Cluster 2",23,2,11,49.84,23,57,47.85,1.99
150,"Cluster 1",12,3,16,21.1,10,85,20,1.1
151,"Cluster 3",53,1,4,78.74,35,43,76.8,1.94
152,"Cluster 1",7,2,16,13.37,9,90,16.13,-2.76
153,"Cluster 2",27,2,7,49.52,20,61,47.29,2.23
154,"Cluster 2",28,2,11,47.56,23,68,45.91,1.65
155,"Cluster 2",28,2,9,48.67,24,61,48.55,0.12
156,"Cluster 2",26,2,10,45.29,19,63,43.84,1.45
157,"Cluster 1",9,2,15,19.17,9,78,20.69,-1.52
158,"Cluster 2",25,2,6,43.41,18,64,43.64,-0.23
159,"Cluster 1",12,3,15,30.64,16,76,28.5,2.14
160,"Cluster 2",25,2,6,46.95,23,67,46.77,0.18
161,"Cluster 1",8,1,13,18.07,8,88,17.28,0.79
162,"Cluster 2",27,2,8,37.68,18,70,39.37,-1.69
163,"Cluster 1",14,2,16,16.98,8,84,18.31,-1.33
164,"Cluster 2",26,3,5,40.93,19,69,40.56,0.37
165,"Cluster 2",23,4,12,33.04,15,75,34.54,-1.5
166,"Cluster 1",13,2,14,27.35,14,69,27.7,-0.35
167,"Cluster 1",8,2,14,23.73,12,80,23.44,0.29
168,"Cluster 2",19,2,5,50.03,24,58,49.44,0.59
169,"Cluster 1",9,2,14,28.76,16,69,30.05,-1.29
170,"Cluster 2",23,2,9,38,19,71,41.23,-3.23
171,"Cluster 1",10,3,13,11.4,9,95,15.42,-4.02
172,"Cluster 2",31,2,5,44.98,19,66,43.83,1.15
173,"Cluster 3",56,1,5,75.66,31,34,74.96,0.7
174,"Cluster 1",9,1,17,27.83,15,80,25.91,1.92
175,"Cluster 1",9,2,18,12.08,5,86,15.76,-3.68
176,"Cluster 1",12,2,14,12.43,10,93,16.31,-3.88
177,"Cluster 2",26,1,9,47.53,20,65,44.59,2.94
178,"Cluster 1",4,1,15,19.11,8,79,20.22,-1.11
179,"Cluster 3",49,3,5,68.56,27,49,67.98,0.58
180,"Cluster 1",6,2,17,22.71,12,79,22.93,-0.22
181,"Cluster 3",47,2,4,71.01,33,44,72.87,-1.86
182,"Cluster 2",29,2,11,48.47,24,60,48.39,0.08
183,"Cluster 1",10,1,13,23.47,10,83,21.54,1.93
184,"Cluster 2",26,3,8,48.05,22,65,45.3,2.75
185,"Cluster 1",10,1,16,26.24,12,76,24.74,1.5
186,"Cluster 1",15,2,17,19.98,13,83,21.98,-2
187,"Cluster 2",27,1,9,35.49,19,58,41.22,-5.73
188,"Cluster 1",11,2,16,6.99,4,91,12.65,-5.66
189,"Cluster 3",50,1,2,83.24,34,35,79.51,3.73
190,"Cluster 3",46,1,1,64.55,29,48,68.96,-4.41
191,"Cluster 2",31,3,10,48.44,21,59,45.52,2.92
192,"Cluster 2",27,1,11,50.21,24,62,49.3,0.91
193,"Cluster 3",47,1,4,79.38,36,39,78.06,1.32
194,"Cluster 1",9,2,16,19.54,10,80,21.4,-1.86
195,"Cluster 3",49,2,1,67.09,30,37,72.54,-5.45
196,"Cluster 1",5,2,14,26.62,15,78,25.69,0.93
197,"Cluster 1",14,3,16,23.97,10,77,22.3,1.67
198,"Cluster 1",12,4,15,16.48,7,92,16.41,0.07
199,"Cluster 2",27,4,6,38.35,17,64,41.28,-2.93
200,"Cluster 1",11,3,17,25.36,10,79,21.86,3.5
201,"Cluster 2",23,1,6,43.16,20,71,43.77,-0.61
202,"Cluster 3",56,3,1,77.2,33,43,75.39,1.81
203,"Cluster 1",9,3,17,10.65,9,90,15.27,-4.62
204,"Cluster 1",12,2,16,18.34,8,84,18.8,-0.46
205,"Cluster 1",10,2,14,18.3,10,85,19.77,-1.47
206,"Cluster 3",51,2,1,84.19,37,36,80.26,3.93
207,"Cluster 2",30,2,8,47.56,24,64,48.19,-0.63
208,"Cluster 2",28,2,8,43.9,21,69,44.03,-0.13
209,"Cluster 2",28,3,8,46.67,21,63,44.67,2
210,"Cluster 2",30,2,9,44.63,18,64,43.65,0.98
211,"Cluster 1",10,3,13,15.45,7,92,15.51,-0.06
212,"Cluster 2",21,2,6,47.55,24,65,47.27,0.28
213,"Cluster 2",23,1,8,50.96,23,57,49.01,1.95
214,"Cluster 1",7,2,15,25.49,11,80,23.09,2.4
215,"Cluster 2",29,2,7,40.81,21,59,45.79,-4.98
216,"Cluster 1",12,2,15,21.15,9,81,19.21,1.94
217,"Cluster 2",23,1,5,50.11,23,56,49.19,0.92
218,"Cluster 1",11,4,14,15.56,7,91,15.87,-0.31
219,"Cluster 3",44,2,2,75.76,32,40,74.79,0.97
220,"Cluster 3",50,2,7,73.03,32,46,71.64,1.39
221,"Cluster 2",24,2,7,48.94,23,52,49.84,-0.9
222,"Cluster 3",49,4,5,89.87,38,33,82.36,7.51
223,"Cluster 1",13,2,16,25.42,14,77,24.77,0.65
224,"Cluster 1",5,3,17,19.97,11,84,19.58,0.39
225,"Cluster 2",23,3,9,64.74,29,47,60.11,4.63
226,"Cluster 2",25,2,11,47.69,24,66,47.39,0.3
227,"Cluster 1",4,3,12,16.96,8,86,16.49,0.47
228,"Cluster 1",9,2,17,28.21,12,80,24.15,4.06
229,"Cluster 1",6,3,18,17.15,7,92,16.49,0.66
230,"Cluster 3",48,3,1,63.71,26,48,66.09,-2.38
231,"Cluster 1",4,1,18,18.92,11,81,20.72,-1.8
232,"Cluster 1",5,3,15,15.04,6,78,17.74,-2.7
233,"Cluster 1",13,2,16,20.03,12,81,21.94,-1.91
234,"Cluster 2",24,1,10,51.26,24,67,47.37,3.89
235,"Cluster 2",23,2,8,51.08,24,64,48.28,2.8
236,"Cluster 2",29,2,7,50.27,23,67,47.52,2.75
237,"Cluster 2",26,3,7,49.98,22,56,48.16,1.82
238,"Cluster 3",52,2,1,70.1,32,45,71.94,-1.84
239,"Cluster 2",28,4,5,34.49,15,70,39.58,-5.09
240,"Cluster 3",52,2,2,71.84,32,43,73.3,-1.46
241,"Cluster 1",9,4,9,17.18,9,95,20.11,-2.93
242,"Cluster 1",7,3,18,18.99,9,91,17.33,1.66
243,"Cluster 2",22,1,6,60.46,27,52,56.16,4.3
244,"Cluster 1",9,3,13,17.72,12,86,19.26,-1.54
245,"Cluster 2",26,2,7,46.26,20,64,46.49,-0.23
246,"Cluster 1",4,2,13,11.49,7,91,14.94,-3.45
247,"Cluster 2",30,3,9,35.91,17,66,38.45,-2.54
248,"Cluster 3",50,2,2,79.94,34,38,79.46,0.48
249,"Cluster 3",50,4,3,71.67,33,47,71.24,0.43
250,"Cluster 1",7,3,14,12.53,8,91,15.12,-2.59
251,"Cluster 2",23,2,8,50.29,20,62,47.12,3.17
252,"Cluster 2",30,2,8,47.61,21,65,46.21,1.4
253,"Cluster 1",7,2,15,10.08,8,100,14,-3.92
254,"Cluster 2",21,3,10,46.03,19,63,44.23,1.8
255,"Cluster 1",8,1,19,19.61,12,74,23.15,-3.54
256,"Cluster 3",54,2,3,78.24,31,37,75.37,2.87
257,"Cluster 2",26,2,9,41.98,22,67,45.9,-3.92
258,"Cluster 1",13,2,17,23.06,10,82,20.74,2.32
259,"Cluster 1",12,2,18,13.59,9,90,15.42,-1.83
260,"Cluster 3",50,1,3,75.73,35,34,79.15,-3.42
261,"Cluster 3",46,3,3,71.07,31,51,71.03,0.04
262,"Cluster 3",51,2,3,77.29,34,31,79.6,-2.31
263,"Cluster 1",11,2,16,16.79,8,83,18.92,-2.13
264,"Cluster 3",49,2,5,72.8,32,44,72.45,0.35
265,"Cluster 1",6,2,15,28.98,13,78,24.96,4.02
266,"Cluster 1",13,2,18,11.7,8,96,14.44,-2.74
267,"Cluster 2",25,2,4,43.01,19,65,43.49,-0.48
268,"Cluster 2",27,3,11,33.71,17,67,37.62,-3.91
269,"Cluster 2",26,3,8,38.8,20,73,39.89,-1.09
270,"Cluster 1",7,1,13,17.68,11,78,23.33,-5.65
271,"Cluster 3",42,2,8,83.82,35,37,79.04,4.78
272,"Cluster 2",25,2,9,53.85,26,48,55.13,-1.28
273,"Cluster 2",28,2,5,42.89,18,65,43.19,-0.3
274,"Cluster 2",28,3,7,38,16,76,37.21,0.79
275,"Cluster 3",53,2,3,84.97,34,35,79.48,5.49
276,"Cluster 1",13,1,11,34.48,14,76,29.47,5.01
277,"Cluster 3",50,2,4,65.65,31,50,69.19,-3.54
278,"Cluster 1",13,3,12,27.7,11,74,25.37,2.33
279,"Cluster 2",21,2,10,52.89,22,61,46.92,5.97
280,"Cluster 1",7,2,15,19.09,12,88,20.19,-1.1
281,"Cluster 3",55,3,3,72.27,31,41,72.77,-0.5
282,"Cluster 2",17,2,6,48.08,20,69,44.88,3.2
283,"Cluster 2",32,2,10,38.76,18,70,40.6,-1.84
284,"Cluster 2",29,2,6,46.28,19,66,44.44,1.84
285,"Cluster 2",18,2,5,51.57,23,58,49.35,2.22
286,"Cluster 2",29,1,8,46.13,19,59,43.71,2.42
287,"Cluster 2",24,2,9,52.07,25,62,50.28,1.79
288,"Cluster 2",21,2,10,41.41,20,58,44.19,-2.78
289,"Cluster 2",29,2,10,40.11,18,70,41.05,-0.94
290,"Cluster 1",12,2,14,16.09,7,100,14.67,1.42
291,"Cluster 2",25,2,7,47.84,23,69,46.67,1.17
292,"Cluster 2",24,2,9,45.12,18,74,41.4,3.72
293,"Cluster 2",21,3,7,57.07,26,44,57.06,0.01
294,"Cluster 3",53,2,1,80.26,32,37,76.35,3.91
295,"Cluster 3",53,3,3,70.4,33,38,73.46,-3.06
296,"Cluster 3",53,2,1,77.69,32,42,74.9,2.79
297,"Cluster 3",51,2,2,83.55,34,38,79.95,3.6
298,"Cluster 2",23,2,11,45.72,23,71,45.23,0.49
299,"Cluster 2",22,2,8,50.55,22,53,50.44,0.11
300,"Cluster 3",50,1,4,76.53,34,36,79.14,-2.61
301,"Cluster 3",48,3,2,76.42,31,40,73.39,3.03
302,"Cluster 2",23,4,7,34.16,17,70,38.49,-4.33
303,"Cluster 3",47,1,4,78.92,35,35,78.92,0
304,"Cluster 1",13,2,15,12.96,9,93,15.18,-2.22
305,"Cluster 1",10,2,19,26.66,12,76,22.92,3.74
306,"Cluster 1",8,4,15,18.42,8,80,18.92,-0.5
307,"Cluster 2",22,1,9,42.55,18,61,42.43,0.12
308,"Cluster 2",25,3,10,44.74,22,63,45.32,-0.58
309,"Cluster 1",10,2,12,23.92,13,84,22.83,1.09
310,"Cluster 1",8,2,15,19.64,13,79,24.84,-5.2
311,"Cluster 2",24,3,10,42.92,21,66,42.5,0.42
312,"Cluster 1",11,2,16,19.58,10,86,19.28,0.3
313,"Cluster 1",13,1,18,14.08,10,90,16.2,-2.12
314,"Cluster 2",23,2,9,44.02,19,62,43.57,0.45
315,"Cluster 2",27,2,6,43.23,18,67,42.92,0.31
316,"Cluster 3",45,2,1,80.23,35,32,79.53,0.7
317,"Cluster 3",46,2,4,68.53,30,44,70.74,-2.21
318,"Cluster 2",18,2,8,37.05,16,66,39.11,-2.06
319,"Cluster 2",28,2,6,46.05,19,62,44.88,1.17
320,"Cluster 3",48,1,3,69.22,32,46,71.67,-2.45
321,"Cluster 3",49,2,5,77.33,35,40,77.04,0.29
322,"Cluster 2",22,2,7,43.5,19,67,42.78,0.72
323,"Cluster 2",25,1,6,40.4,18,74,41.28,-0.88
324,"Cluster 1",8,2,16,17.69,7,86,17.52,0.17
325,"Cluster 2",25,3,10,40.34,16,73,39.39,0.95
326,"Cluster 2",29,1,7,41.96,20,70,42.48,-0.52
327,"Cluster 3",49,3,2,72.46,31,29,75.15,-2.69
328,"Cluster 2",24,1,6,45.23,20,54,47.39,-2.16
329,"Cluster 2",28,2,4,35.02,17,73,38.11,-3.09
330,"Cluster 3",48,2,4,71.64,31,42,72.53,-0.89
331,"Cluster 1",11,4,16,29.8,13,78,26.26,3.54
332,"Cluster 2",25,2,6,31.46,16,78,35.33,-3.87
333,"Cluster 1",9,2,13,23.26,12,82,22.89,0.37
334,"Cluster 3",49,1,2,75.68,32,39,74.62,1.06
335,"Cluster 2",25,2,7,33.31,17,65,39.81,-6.5
336,"Cluster 1",9,3,16,19.04,9,87,17.71,1.33
337,"Cluster 1",13,3,14,16.84,10,87,17.71,-0.87
338,"Cluster 1",5,2,17,14.92,6,90,15.09,-0.17
339,"Cluster 1",10,1,14,17.02,9,87,18.56,-1.54
340,"Cluster 3",54,2,1,73.8,34,44,76.3,-2.5
341,"Cluster 1",17,3,14,17.22,10,93,17.22,0
342,"Cluster 2",23,2,7,48.99,20,64,46.17,2.82
343,"Cluster 1",10,4,14,22.34,9,85,18.3,4.04
344,"Cluster 2",24,2,6,49.22,20,68,44.89,4.33
345,"Cluster 1",9,2,15,25.46,12,75,24.09,1.37
346,"Cluster 2",26,1,7,53.68,24,52,51.77,1.91
347,"Cluster 3",47,3,6,70.34,31,47,70.75,-0.41
348,"Cluster 2",28,2,10,42.45,18,61,43.47,-1.02
349,"Cluster 2",23,2,8,45.3,21,59,46.71,-1.41
350,"Cluster 1",4,1,14,22.55,12,74,24.22,-1.67
351,"Cluster 2",21,2,5,44.33,19,68,43.49,0.84
352,"Cluster 3",53,2,2,68.82,28,47,68.85,-0.03
353,"Cluster 1",10,2,13,14.78,10,90,17.03,-2.25
354,"Cluster 2",27,2,6,47.26,20,65,45.8,1.46
355,"Cluster 1",9,2,17,19.76,11,90,19.45,0.31
356,"Cluster 3",49,1,3,70.72,31,42,72.59,-1.87
357,"Cluster 1",7,2,10,18.31,12,88,20.98,-2.67
358,"Cluster 1",9,1,16,24.13,13,84,23.87,0.26
359,"Cluster 2",20,2,11,45.02,21,66,45.13,-0.11
360,"Cluster 3",50,2,2,78.34,32,38,76.2,2.14
361,"Cluster 2",26,1,8,43.89,21,61,47.09,-3.2
362,"Cluster 2",28,2,11,58.2,25,44,54.54,3.66
363,"Cluster 3",50,2,5,80.28,37,30,80.34,-0.06
364,"Cluster 2",25,1,10,48.76,22,56,48.18,0.58
365,"Cluster 2",21,1,9,32.92,17,75,36.12,-3.2
366,"Cluster 3",47,4,2,84.41,34,35,80.64,3.77
367,"Cluster 2",29,2,8,46.98,23,60,48,-1.02
368,"Cluster 2",25,2,8,46.69,22,64,47.33,-0.64
369,"Cluster 1",8,3,12,16.78,11,87,18.59,-1.81
370,"Cluster 1",10,2,15,15.55,9,82,19.21,-3.66
371,"Cluster 1",4,2,15,25.89,14,85,23.56,2.33
372,"Cluster 2",27,2,8,49.45,21,60,47.5,1.95
373,"Cluster 3",51,2,6,79.8,33,31,77.76,2.04
374,"Cluster 1",10,3,14,38.13,20,68,34.19,3.94
375,"Cluster 1",9,3,15,15.74,7,89,15.6,0.14
376,"Cluster 3",51,1,7,80.03,35,29,79.32,0.71
377,"Cluster 3",47,3,1,65.46,31,45,70.1,-4.64
378,"Cluster 2",26,2,7,52.09,23,60,49.56,2.53
379,"Cluster 2",26,1,9,40.35,20,66,43.76,-3.41
380,"Cluster 3",46,3,6,78.8,34,41,77.18,1.62
381,"Cluster 1",9,2,14,16.81,7,90,15.53,1.28
382,"Cluster 3",51,2,1,63.86,30,50,68.52,-4.66
383,"Cluster 2",18,3,8,40.1,16,58,40.09,0.01
384,"Cluster 3",46,1,3,68.52,31,44,72.06,-3.54
385,"Cluster 1",5,2,14,16.22,10,95,16.69,-0.47
386,"Cluster 3",48,2,2,75.46,33,43,76.1,-0.64
387,"Cluster 2",22,2,8,61.41,26,51,54.87,6.54
388,"Cluster 2",31,2,7,48.98,21,56,47.77,1.21
389,"Cluster 2",23,2,8,52.29,21,62,47.39,4.9
390,"Cluster 2",29,1,7,40.83,17,67,41.52,-0.69
391,"Cluster 3",51,2,3,85.29,39,34,82.63,2.66
392,"Cluster 2",25,1,8,48.77,23,53,49.97,-1.2
393,"Cluster 1",10,2,13,16.9,7,88,16.71,0.19
394,"Cluster 3",50,1,5,79.16,33,35,77.06,2.1
395,"Cluster 2",21,2,10,43.32,20,57,44.09,-0.77
396,"Cluster 2",26,2,7,46.69,20,69,44.56,2.13
397,"Cluster 2",29,2,8,42.26,19,63,43.73,-1.47
398,"Cluster 2",31,2,8,53.99,25,50,52.43,1.56
399,"Cluster 2",31,3,7,45.69,21,58,45.52,0.17
400,"Cluster 3",52,3,3,83.65,35,36,78.79,4.86
401,"Cluster 3",48,2,2,78.45,34,41,77.05,1.4
402,"Cluster 2",24,2,10,44.85,20,72,43.21,1.64
403,"Cluster 3",56,2,4,78.69,36,40,77.62,1.07
404,"Cluster 1",8,1,14,21.73,9,86,19.38,2.35
405,"Cluster 2",29,3,7,56.89,25,47,54.82,2.07
406,"Cluster 1",9,1,14,25.67,15,75,26.19,-0.52
407,"Cluster 1",9,2,14,19.76,10,85,20.05,-0.29
408,"Cluster 2",26,3,7,45.82,22,69,43.99,1.83
409,"Cluster 2",18,2,4,51.75,23,53,51.31,0.44
410,"Cluster 1",8,1,16,27.9,15,67,27.71,0.19
411,"Cluster 2",26,2,10,48.77,23,66,47.16,1.61
412,"Cluster 3",46,1,1,85.43,38,33,80.72,4.71
413,"Cluster 2",22,1,8,51.87,25,60,50.82,1.05
414,"Cluster 1",13,2,17,20.13,13,87,19.82,0.31
415,"Cluster 2",26,2,7,50.06,20,57,47.51,2.55
416,"Cluster 2",28,1,11,41.18,17,67,41.56,-0.38
417,"Cluster 3",54,1,4,74.49,33,43,74.95,-0.46
418,"Cluster 2",23,2,5,37.49,16,73,37.44,0.05
419,"Cluster 1",9,1,19,12.78,5,100,14.7,-1.92
420,"Cluster 2",29,2,7,41.33,21,71,43.6,-2.27
421,"Cluster 1",15,3,13,14.48,10,81,17.93,-3.45
422,"Cluster 1",16,1,12,23.43,13,82,25.65,-2.22
423,"Cluster 1",3,2,14,19.75,12,85,21.68,-1.93
424,"Cluster 2",28,1,3,55.36,25,51,54.63,0.73
425,"Cluster 3",53,2,6,77.08,33,41,75.35,1.73
426,"Cluster 1",11,3,15,26.29,13,77,24.33,1.96
427,"Cluster 2",24,2,6,45.15,20,69,44.92,0.23
428,"Cluster 2",30,1,7,51.69,22,59,48.81,2.88
429,"Cluster 2",21,2,6,46.54,20,66,45.85,0.69
430,"Cluster 3",48,2,1,74.14,32,43,74.52,-0.38
431,"Cluster 3",52,3,6,68.55,29,47,69.39,-0.84
432,"Cluster 1",10,1,16,20.46,12,84,22.91,-2.45
433,"Cluster 2",27,2,10,42.99,20,57,44.74,-1.75
434,"Cluster 3",50,2,5,77.68,33,28,77.46,0.22
435,"Cluster 2",25,2,6,37.8,17,66,40.6,-2.8
436,"Cluster 1",13,2,14,15.01,7,92,15.28,-0.27
437,"Cluster 2",23,2,7,40.04,20,73,42.72,-2.68
438,"Cluster 1",3,2,12,16.83,11,87,18.91,-2.08
439,"Cluster 2",30,2,7,54.81,26,53,53.27,1.54
440,"Cluster 2",27,2,8,29.63,14,73,34.25,-4.62
441,"Cluster 2",19,2,5,43.77,18,61,44.24,-0.47
442,"Cluster 1",10,2,14,22.77,11,79,23.28,-0.51
443,"Cluster 1",8,2,13,11.04,6,90,15,-3.96
444,"Cluster 2",26,3,9,52.75,26,55,51.58,1.17
445,"Cluster 3",54,1,1,78.56,31,31,76.05,2.51
446,"Cluster 1",13,2,15,16.76,7,82,17.96,-1.2
447,"Cluster 3",55,2,4,80.95,33,39,77.25,3.7
448,"Cluster 2",27,2,10,54.62,26,55,51.68,2.94
449,"Cluster 2",24,3,8,42.82,20,54,44.9,-2.08
450,"Cluster 1",8,3,12,19.2,11,83,19.63,-0.43
451,"Cluster 1",7,4,17,14.65,7,88,16.13,-1.48
452,"Cluster 2",25,1,11,39.31,20,57,44.87,-5.56
453,"Cluster 2",23,2,6,43.6,21,59,46.51,-2.91
454,"Cluster 2",26,1,10,47.01,21,70,44.32,2.69
455,"Cluster 2",24,1,8,32.08,14,72,37.81,-5.73
456,"Cluster 3",54,2,4,81.57,37,32,79.86,1.71
457,"Cluster 3",49,2,5,77.82,32,34,76.24,1.58
458,"Cluster 1",17,3,13,23.11,14,82,22.62,0.49
459,"Cluster 2",27,2,8,45.31,21,66,45.62,-0.31
460,"Cluster 2",23,2,8,41.07,18,66,42.07,-1
461,"Cluster 3",51,4,1,68.39,31,47,69.69,-1.3
462,"Cluster 1",9,2,17,18.32,11,86,19.97,-1.65
463,"Cluster 1",9,2,16,16.99,7,93,15.59,1.4
464,"Cluster 2",22,2,8,44.19,22,70,44.58,-0.39
465,"Cluster 1",10,2,14,11.69,7,96,14.46,-2.77
466,"Cluster 2",33,1,8,40.96,18,81,38.22,2.74
467,"Cluster 2",18,2,6,41.92,18,65,43.27,-1.35
468,"Cluster 1",8,4,16,31,15,79,27.14,3.86
469,"Cluster 2",21,2,9,40.48,17,69,40.68,-0.2
470,"Cluster 3",52,2,3,77.53,33,32,76.87,0.66
471,"Cluster 2",26,1,8,50.53,22,71,47.01,3.52
472,"Cluster 3",56,2,4,72.03,31,46,71.22,0.81
473,"Cluster 1",10,3,13,21.67,9,82,19.08,2.59
474,"Cluster 3",49,3,3,74.54,33,35,75.43,-0.89
475,"Cluster 1",17,2,15,15.36,8,84,19.06,-3.7
476,"Cluster 1",12,2,16,23.03,11,72,25,-1.97
477,"Cluster 1",7,1,16,18.62,9,84,20.23,-1.61
478,"Cluster 2",25,3,8,44.02,22,61,45.48,-1.46
479,"Cluster 2",24,2,5,45.47,19,65,43.67,1.8
480,"Cluster 1",11,3,14,26.84,11,74,24.51,2.33
481,"Cluster 2",20,1,10,33.32,16,73,37.02,-3.7
482,"Cluster 3",49,2,5,84.52,34,25,81.15,3.37
483,"Cluster 2",28,1,7,48.36,21,51,48.91,-0.55
484,"Cluster 1",8,2,15,22.61,10,87,17.93,4.68
485,"Cluster 3",53,1,3,69.36,32,49,70.89,-1.53
486,"Cluster 2",23,2,9,39.73,16,63,40.4,-0.67
487,"Cluster 2",27,2,6,34.78,18,71,41.09,-6.31
488,"Cluster 1",5,2,13,23.06,13,81,22.75,0.31
489,"Cluster 1",12,4,15,19.6,11,86,19.71,-0.11
490,"Cluster 3",52,3,4,77.85,36,37,78.06,-0.21
491,"Cluster 3",51,3,2,86.82,38,28,83.34,3.48
492,"Cluster 2",30,3,6,41,17,72,40.12,0.88
493,"Cluster 1",12,4,15,21.64,13,76,24.72,-3.08
494,"Cluster 1",7,2,17,12.33,7,89,15.47,-3.14
495,"Cluster 2",30,2,12,41.53,17,73,39.08,2.45
496,"Cluster 3",51,3,3,72.67,33,50,72.48,0.19
497,"Cluster 2",20,2,13,65.53,31,47,58.66,6.87
498,"Cluster 2",23,2,9,44.44,21,65,44.86,-0.42
499,"Cluster 1",14,2,14,6.78,3,91,11.7,-4.92
500,"Cluster 3",53,3,2,72.33,33,46,72.16,0.17
501,"Cluster 2",25,2,5,43.03,21,79,39.13,3.9
502,"Cluster 2",25,1,8,50.48,22,59,48.35,2.13
503,"Cluster 2",29,3,5,41.98,20,65,42.45,-0.47
504,"Cluster 2",29,1,11,45.75,19,62,43.94,1.81
505,"Cluster 2",27,2,11,42.24,18,56,43.42,-1.18
506,"Cluster 2",24,2,4,35.21,16,75,36.71,-1.5
507,"Cluster 1",8,2,14,12.03,6,94,14.34,-2.31
508,"Cluster 1",12,3,14,10.43,4,91,12.72,-2.29
509,"Cluster 3",50,3,4,77.5,33,42,75.01,2.49
510,"Cluster 2",21,2,9,42.83,18,55,43.93,-1.1
511,"Cluster 1",8,2,15,26.09,14,80,25,1.09
512,"Cluster 2",25,2,12,49.03,22,58,47.37,1.66
513,"Cluster 3",50,2,3,62.18,26,61,61.29,0.89
514,"Cluster 2",16,1,10,53.93,25,58,49.19,4.74
515,"Cluster 1",8,1,13,26.63,11,81,23.69,2.94
516,"Cluster 2",28,1,7,41.42,18,68,42.24,-0.82
517,"Cluster 1",14,3,15,22.91,10,79,21.98,0.93
518,"Cluster 3",53,2,4,68.86,29,46,68.84,0.02
519,"Cluster 2",20,2,4,43.61,20,61,46.72,-3.11
520,"Cluster 3",52,3,1,71.51,31,51,70.89,0.62
521,"Cluster 2",28,2,11,36.05,18,71,41.24,-5.19
522,"Cluster 2",27,2,8,43.72,21,67,44.48,-0.76
523,"Cluster 2",26,1,8,34.64,19,75,37.9,-3.26
524,"Cluster 2",24,2,5,40.78,18,67,41.95,-1.17
525,"Cluster 1",8,2,16,23.57,12,83,22.66,0.91
526,"Cluster 1",12,2,15,18.43,8,84,18.5,-0.07
527,"Cluster 3",47,2,1,77.55,31,33,75.79,1.76
528,"Cluster 2",22,2,7,42.79,19,65,42.11,0.68
529,"Cluster 3",45,2,4,75.67,32,32,75.27,0.4
530,"Cluster 2",32,2,8,46.44,21,65,46.09,0.35
531,"Cluster 3",50,2,2,71.72,31,41,72.55,-0.83
532,"Cluster 1",8,2,15,26.44,13,82,23.97,2.47
533,"Cluster 1",11,2,16,19.17,11,84,21.21,-2.04
534,"Cluster 3",47,2,2,67.9,32,41,74.93,-7.03
535,"Cluster 2",24,3,7,34.02,16,67,37.12,-3.1
536,"Cluster 1",6,3,16,18.68,11,98,18.64,0.04
537,"Cluster 2",27,2,12,49.03,21,60,45.78,3.25
538,"Cluster 3",51,4,1,66.48,29,44,68.81,-2.33
539,"Cluster 1",9,1,15,14.04,10,88,18.38,-4.34
540,"Cluster 2",25,2,8,50.71,25,59,50.22,0.49
541,"Cluster 3",47,3,1,75.61,31,27,75.54,0.07
542,"Cluster 2",26,2,12,42.07,17,69,40.34,1.73
543,"Cluster 3",51,4,4,76.49,35,43,76.15,0.34
544,"Cluster 2",26,1,9,55.74,24,62,50.11,5.63
545,"Cluster 3",50,2,2,79.35,36,37,79.83,-0.48
546,"Cluster 3",48,2,2,87.21,40,37,83.13,4.08
547,"Cluster 2",25,2,7,52.01,24,57,49.82,2.19
548,"Cluster 3",47,3,2,73.18,33,40,74.55,-1.37
549,"Cluster 3",50,2,3,70.03,32,29,76.21,-6.18
550,"Cluster 2",31,2,9,49.54,22,64,47.54,2
551,"Cluster 2",27,3,10,44.53,21,64,43.92,0.61
552,"Cluster 2",31,2,10,50.93,24,59,48.84,2.09
553,"Cluster 1",7,2,16,22.44,13,79,24.24,-1.8
554,"Cluster 3",49,2,1,86.91,39,23,83.74,3.17
555,"Cluster 1",6,2,14,18.28,10,82,19.7,-1.42
556,"Cluster 1",9,2,14,26.8,11,73,25.63,1.17
557,"Cluster 1",4,2,14,9.74,7,86,15.77,-6.03
558,"Cluster 1",16,1,20,30.51,16,75,28.1,2.41
559,"Cluster 1",7,3,14,13.4,8,93,14.93,-1.53
560,"Cluster 2",28,1,5,43.88,18,64,43.49,0.39
561,"Cluster 2",24,2,10,58.11,28,44,57.44,0.67
562,"Cluster 3",49,1,4,80.94,37,40,78.39,2.55
563,"Cluster 3",49,1,2,72.93,30,40,73.09,-0.16
564,"Cluster 2",27,2,5,37.63,20,74,40.4,-2.77
565,"Cluster 1",9,1,9,16.54,11,82,24.67,-8.13
566,"Cluster 1",11,1,14,28.56,16,76,27.96,0.6
567,"Cluster 2",26,3,9,38.07,16,79,37.1,0.97
568,"Cluster 3",46,1,2,78.2,35,37,79.61,-1.41
569,"Cluster 1",9,1,16,24.09,13,83,24.44,-0.35
570,"Cluster 3",51,3,3,76.67,33,42,74.41,2.26
571,"Cluster 1",12,2,16,26.64,15,73,26.67,-0.03
572,"Cluster 3",49,2,2,69.78,31,43,71.94,-2.16
573,"Cluster 1",7,2,16,16.27,11,85,20.45,-4.18
574,"Cluster 1",13,3,16,10.15,7,90,14.36,-4.21
575,"Cluster 3",51,1,3,71.65,30,38,73.97,-2.32
576,"Cluster 1",8,1,16,23.19,10,88,19.18,4.01
577,"Cluster 1",12,2,15,13.53,8,89,15.95,-2.42
578,"Cluster 2",28,2,8,46.66,22,65,47.49,-0.83
579,"Cluster 1",6,1,18,17.47,10,81,19.17,-1.7
580,"Cluster 1",6,1,16,14.24,6,86,16.06,-1.82
581,"Cluster 3",49,2,2,80.87,33,37,77.65,3.22
582,"Cluster 3",49,2,2,70.59,31,46,70.81,-0.22
583,"Cluster 3",54,2,5,76.47,33,38,76.43,0.04
584,"Cluster 2",25,1,8,36.42,15,74,37.14,-0.72
585,"Cluster 3",54,1,4,66.16,28,46,68.49,-2.33
586,"Cluster 2",27,2,8,36.51,15,72,36,0.51
587,"Cluster 2",30,1,3,54.25,26,55,54.35,-0.1
588,"Cluster 1",10,2,16,6.7,7,97,14.93,-8.23
589,"Cluster 3",49,1,4,68.85,32,45,71.06,-2.21
590,"Cluster 1",12,2,18,17.22,9,83,18.52,-1.3
591,"Cluster 1",13,2,16,26.69,11,87,19.02,7.67
592,"Cluster 2",22,2,11,51.83,25,61,50.27,1.56
593,"Cluster 3",52,3,1,82.16,36,26,80.26,1.9
594,"Cluster 2",31,1,7,41.57,18,60,43.36,-1.79
595,"Cluster 2",24,4,7,45.37,21,55,46.49,-1.12
596,"Cluster 3",50,2,1,82.07,33,44,75.29,6.78
597,"Cluster 1",4,1,13,15.18,7,84,18.99,-3.81
598,"Cluster 2",26,3,8,41.13,21,68,41.3,-0.17
599,"Cluster 3",44,4,4,71.78,33,37,75.79,-4.01
600,"Cluster 2",24,2,7,44.51,19,74,41.86,2.65
601,"Cluster 2",29,2,4,36.56,15,73,36.55,0.01
602,"Cluster 1",10,2,15,26.78,16,86,25.6,1.18
603,"Cluster 2",24,2,7,43.3,21,54,47.24,-3.94
604,"Cluster 2",27,2,9,49.33,23,61,47.83,1.5
605,"Cluster 2",21,3,6,47.16,21,58,46.08,1.08
606,"Cluster 3",44,2,1,76.04,32,43,74.68,1.36
607,"Cluster 2",31,2,10,43.42,22,74,43.17,0.25
608,"Cluster 3",50,2,4,70.32,32,44,71.74,-1.42
609,"Cluster 2",25,2,7,52.01,23,59,48.61,3.4
610,"Cluster 2",28,3,11,56.37,27,45,55.79,0.58
611,"Cluster 1",13,2,14,24.52,10,74,23.07,1.45
612,"Cluster 2",25,2,4,45.54,20,64,45.47,0.07
613,"Cluster 2",22,2,10,43.2,21,66,44.33,-1.13
614,"Cluster 3",52,3,5,68.25,30,52,69.01,-0.76
615,"Cluster 1",9,1,16,11.21,9,100,16.6,-5.39
616,"Cluster 3",55,1,1,72.21,30,52,70.49,1.72
617,"Cluster 3",46,4,6,70.32,29,45,69.55,0.77
618,"Cluster 3",45,4,5,71.74,29,43,71.16,0.58
619,"Cluster 3",48,2,3,76.83,32,41,74.84,1.99
620,"Cluster 2",29,2,9,45.08,23,66,46.42,-1.34
621,"Cluster 3",49,2,3,82.19,36,37,79.94,2.25
622,"Cluster 3",53,3,1,74.55,32,37,74.7,-0.15
623,"Cluster 3",49,2,1,84.71,35,28,81.79,2.92
624,"Cluster 2",21,1,11,51.62,24,57,49.57,2.05
625,"Cluster 2",24,1,7,41.59,17,71,41.5,0.09
626,"Cluster 2",24,2,3,46.91,20,58,47.11,-0.2
627,"Cluster 2",28,3,4,52.11,22,55,50.72,1.39
628,"Cluster 3",50,2,4,80.39,34,37,78.89,1.5
629,"Cluster 2",24,1,5,52.51,23,65,47.15,5.36
630,"Cluster 2",17,2,7,48.89,21,60,47.19,1.7
631,"Cluster 3",52,2,4,80.57,34,33,79.75,0.82
632,"Cluster 3",50,2,3,73.64,34,44,75.77,-2.13
633,"Cluster 1",7,1,16,11.09,7,96,14.88,-3.79
634,"Cluster 1",12,2,16,21.32,12,77,23.05,-1.73
635,"Cluster 2",21,3,9,45.27,22,71,44.44,0.83
636,"Cluster 2",26,1,7,44.23,19,64,43.82,0.41
637,"Cluster 3",49,2,1,70.94,33,51,72.36,-1.42
638,"Cluster 3",51,2,1,72.42,30,40,71.75,0.67
639,"Cluster 3",50,2,5,73.76,33,40,75.17,-1.41
640,"Cluster 1",17,2,15,26.52,13,85,24.1,2.42
641,"Cluster 1",7,2,17,19.71,10,82,20.41,-0.7
642,"Cluster 3",51,2,3,75.84,31,41,72.61,3.23
643,"Cluster 3",51,3,2,82.77,33,26,77.64,5.13
644,"Cluster 2",23,1,9,36.88,18,64,41.78,-4.9
645,"Cluster 2",25,2,9,39.52,19,73,41.18,-1.66
646,"Cluster 1",10,2,15,13.78,10,87,17.43,-3.65
647,"Cluster 1",6,2,15,16.49,11,88,19.56,-3.07
648,"Cluster 2",29,2,6,49.69,23,58,48.64,1.05
649,"Cluster 2",27,2,6,44.76,23,67,46.62,-1.86
650,"Cluster 1",7,1,15,22.98,11,87,21.05,1.93
651,"Cluster 3",46,2,4,81.13,34,35,78.7,2.43
652,"Cluster 3",51,3,1,78.96,36,30,79.83,-0.87
653,"Cluster 1",4,2,12,25.73,15,73,27.36,-1.63
654,"Cluster 1",5,1,16,17.35,10,83,20.73,-3.38
655,"Cluster 1",10,2,15,19.41,8,86,18.44,0.97
656,"Cluster 3",47,2,2,77.27,36,42,76.57,0.7
657,"Cluster 3",49,1,1,69.09,28,33,73.25,-4.16
658,"Cluster 2",24,2,5,46.09,21,66,44.94,1.15
659,"Cluster 1",5,2,19,14.68,9,83,18.24,-3.56
660,"Cluster 2",22,2,8,42.39,21,67,44.31,-1.92
661,"Cluster 3",52,2,4,77.02,34,38,78.72,-1.7
662,"Cluster 3",52,2,3,75.33,34,41,76.66,-1.33
663,"Cluster 2",25,2,8,38.4,20,76,39.79,-1.39
664,"Cluster 1",8,2,11,20.91,12,79,21.7,-0.79
665,"Cluster 2",29,1,8,44.09,18,62,43.66,0.43
666,"Cluster 2",26,1,9,54.04,26,53,52.69,1.35
667,"Cluster 3",51,2,2,76.76,32,48,72.71,4.05
668,"Cluster 2",22,1,6,48.32,19,56,45.93,2.39
669,"Cluster 1",12,3,15,12.39,6,89,13.94,-1.55
670,"Cluster 2",25,4,12,53.43,23,55,48.9,4.53
671,"Cluster 2",22,3,9,48.91,21,62,46.37,2.54
672,"Cluster 1",10,1,15,29.08,13,79,26.48,2.6
673,"Cluster 2",25,2,7,41.79,19,73,41.03,0.76
674,"Cluster 2",20,3,7,41.46,19,67,40.91,0.55
675,"Cluster 1",13,1,18,18.23,8,88,15.4,2.83
676,"Cluster 1",13,2,15,11.11,8,87,16.01,-4.9
677,"Cluster 3",50,2,3,70.67,32,45,71.07,-0.4
678,"Cluster 2",23,2,4,50.64,25,58,50.82,-0.18
679,"Cluster 1",13,1,14,10.52,4,95,13.9,-3.38
680,"Cluster 1",11,3,12,21.73,13,84,21.74,-0.01
681,"Cluster 1",5,1,17,18.96,10,82,20.37,-1.41
682,"Cluster 1",13,3,16,17.62,11,88,18.67,-1.05
683,"Cluster 3",48,2,6,79.92,35,35,79.83,0.09
684,"Cluster 3",53,2,1,69.89,29,49,69.42,0.47
685,"Cluster 3",46,2,5,73.51,32,44,72.44,1.07
686,"Cluster 1",15,1,16,25.4,11,74,24.83,0.57
687,"Cluster 1",13,2,16,23.25,11,75,23.2,0.05
688,"Cluster 2",25,2,7,52.53,24,67,48.05,4.48
689,"Cluster 1",8,4,16,26.84,16,78,27.62,-0.78
690,"Cluster 2",24,1,12,55.39,27,57,50.75,4.64
691,"Cluster 2",27,2,9,40.96,19,66,42.5,-1.54
692,"Cluster 1",12,1,17,15.42,8,95,15.56,-0.14
693,"Cluster 1",16,3,16,16.55,8,88,15.33,1.22
694,"Cluster 2",23,4,11,39.01,19,64,40.41,-1.4
695,"Cluster 2",25,2,8,35.59,16,71,38.02,-2.43
696,"Cluster 1",19,4,16,11.61,6,88,16.88,-5.27
697,"Cluster 2",23,2,11,45.29,23,59,47.51,-2.22
698,"Cluster 2",25,3,5,32.89,15,76,34.88,-1.99
699,"Cluster 1",3,2,10,23.71,11,83,22.3,1.41
700,"Cluster 2",21,2,10,52.6,25,64,49.39,3.21
701,"Cluster 3",51,2,4,78.9,33,27,77.59,1.31
702,"Cluster 2",32,2,9,46.39,21,69,44.01,2.38
703,"Cluster 2",31,2,4,54.17,24,57,51.29,2.88
704,"Cluster 3",52,2,1,71.74,31,38,74.42,-2.68
705,"Cluster 2",31,2,9,34.05,14,70,35.61,-1.56
706,"Cluster 1",14,2,12,26.73,14,79,25.14,1.59
707,"Cluster 1",7,2,13,22.43,9,80,20.61,1.82
708,"Cluster 2",21,2,7,51.52,21,66,46.62,4.9
709,"Cluster 2",31,3,9,44.68,21,63,44.92,-0.24
710,"Cluster 1",7,2,12,25.97,12,77,23.25,2.72
711,"Cluster 1",8,3,14,3.48,4,95,13.45,-9.97
712,"Cluster 1",8,2,13,16,9,90,16.64,-0.64
713,"Cluster 1",14,2,16,10.6,9,93,13.48,-2.88
714,"Cluster 1",7,1,13,20.27,9,79,21.06,-0.79
715,"Cluster 1",10,3,16,7.24,5,98,13.01,-5.77
716,"Cluster 2",28,2,8,36.86,17,74,38.85,-1.99
717,"Cluster 2",24,3,11,43.78,22,56,46.58,-2.8
718,"Cluster 2",24,2,14,39.05,17,75,37.03,2.02
719,"Cluster 3",50,2,4,75.65,33,44,73.59,2.06
720,"Cluster 2",27,2,7,34.89,18,70,39.73,-4.84
721,"Cluster 1",13,1,13,28.92,12,71,27.84,1.08
722,"Cluster 1",8,2,15,21.79,9,76,20.97,0.82
723,"Cluster 1",9,2,16,20.31,8,87,17.75,2.56
724,"Cluster 3",47,2,4,71.72,31,39,72.54,-0.82
725,"Cluster 1",10,2,17,20.21,9,75,20.88,-0.67
726,"Cluster 3",48,1,1,71.22,33,56,68.53,2.69
727,"Cluster 3",52,3,4,74.07,32,39,73.66,0.41
728,"Cluster 1",12,2,15,23.37,11,85,21.12,2.25
729,"Cluster 3",50,1,2,72.96,31,41,73.39,-0.43
730,"Cluster 2",24,2,6,46.06,22,70,44.85,1.21
731,"Cluster 1",7,2,13,21.89,9,84,19.97,1.92
732,"Cluster 3",47,2,3,78.57,32,38,75.68,2.89
733,"Cluster 1",10,2,12,14.96,8,83,17.87,-2.91
734,"Cluster 3",50,1,1,65.11,30,53,68.34,-3.23
735,"Cluster 2",26,3,7,39.03,19,71,40.14,-1.11
736,"Cluster 2",27,3,9,50.98,21,54,47.36,3.62
737,"Cluster 3",51,3,3,72.96,30,44,71.67,1.29
738,"Cluster 3",48,2,1,72.9,31,39,73.02,-0.12
739,"Cluster 2",27,1,9,42.04,21,64,45.88,-3.84
740,"Cluster 2",29,2,7,45.16,21,59,45.79,-0.63
741,"Cluster 3",52,2,6,69.63,28,39,70.93,-1.3
742,"Cluster 2",24,2,11,40.8,19,69,41.88,-1.08
743,"Cluster 2",27,1,10,45.92,22,67,45.72,0.2
744,"Cluster 1",6,2,11,13.24,10,97,17.92,-4.68
745,"Cluster 2",22,2,9,46.89,21,61,45.87,1.02
746,"Cluster 1",8,3,15,16.18,7,83,17.37,-1.19
747,"Cluster 3",50,2,5,75.6,30,43,72.68,2.92
748,"Cluster 2",21,2,8,49.31,20,49,49.24,0.07
749,"Cluster 1",9,2,16,24.01,14,81,23.76,0.25
750,"Cluster 3",50,2,3,70.49,29,40,71.73,-1.24
751,"Cluster 2",26,1,9,46.86,21,65,46.2,0.66
752,"Cluster 2",26,2,9,44.43,20,68,43.56,0.87
753,"Cluster 2",23,2,7,59.03,25,60,52.34,6.69
754,"Cluster 2",23,3,8,48.56,24,57,47.88,0.68
755,"Cluster 1",6,2,13,26.39,11,83,21.63,4.76
756,"Cluster 1",10,2,16,33.67,18,70,31.63,2.04
757,"Cluster 1",15,1,16,12.71,6,87,14.9,-2.19
758,"Cluster 3",55,1,3,70.51,29,55,67.83,2.68
759,"Cluster 2",27,2,7,55.39,22,60,49.85,5.54
760,"Cluster 2",20,2,9,36.95,16,75,36.82,0.13
761,"Cluster 1",14,1,16,25.48,14,80,25.88,-0.4
762,"Cluster 2",30,2,10,45.31,21,64,45.63,-0.32
763,"Cluster 1",4,2,12,20.83,13,82,22.51,-1.68
764,"Cluster 1",13,2,14,16.15,8,90,15.75,0.4
765,"Cluster 1",13,2,18,18.64,9,80,19.39,-0.75
766,"Cluster 2",26,2,5,49.12,22,61,48.17,0.95
767,"Cluster 2",26,1,5,30.93,15,80,34.54,-3.61
768,"Cluster 1",9,2,14,27.2,12,85,23.26,3.94
769,"Cluster 1",10,2,13,20.16,12,81,22.21,-2.05
770,"Cluster 1",5,2,15,14.18,8,94,15.04,-0.86
771,"Cluster 3",50,4,5,74.24,32,40,73,1.24
772,"Cluster 3",54,2,3,77.92,33,33,77.02,0.9
773,"Cluster 1",8,2,13,13.34,8,94,15.27,-1.93
774,"Cluster 3",47,1,3,75.71,31,40,74.14,1.57
775,"Cluster 2",24,3,10,41.49,21,67,41.71,-0.22
776,"Cluster 2",35,2,14,44.98,19,56,42.77,2.21
777,"Cluster 2",21,4,11,39.77,19,70,39.79,-0.02
778,"Cluster 1",11,2,14,16.78,7,82,18.3,-1.52
779,"Cluster 1",8,1,16,16.26,7,95,15.19,1.07
780,"Cluster 3",43,2,2,77.97,35,29,79.4,-1.43
781,"Cluster 2",25,2,9,40.34,17,85,37.94,2.4
782,"Cluster 3",48,2,1,73.31,33,52,72.68,0.63
783,"Cluster 2",24,3,6,48.66,23,63,46.66,2
784,"Cluster 1",8,1,14,21.38,11,79,23.34,-1.96
785,"Cluster 3",51,1,6,84.5,37,34,80.93,3.57
786,"Cluster 1",11,1,16,25.39,12,83,23.83,1.56
787,"Cluster 2",26,3,8,49.32,20,58,43.78,5.54
788,"Cluster 2",26,3,6,45.19,19,58,44.36,0.83
789,"Cluster 2",29,3,6,38.59,18,69,40.03,-1.44
790,"Cluster 3",44,2,1,84.02,34,25,80.72,3.3
791,"Cluster 3",48,2,2,75.53,35,39,76.9,-1.37
792,"Cluster 1",11,2,11,14.87,6,79,18.59,-3.72
793,"Cluster 2",27,2,6,56.22,25,51,53.78,2.44
794,"Cluster 1",12,1,16,20.19,12,85,22.18,-1.99
795,"Cluster 3",51,2,3,68.02,31,39,71.85,-3.83
796,"Cluster 1",6,2,12,25.63,12,84,22.45,3.18
797,"Cluster 2",26,2,9,48.91,21,50,48.67,0.24
798,"Cluster 2",23,4,7,36.73,15,71,37.4,-0.67
799,"Cluster 2",23,2,9,50.33,22,59,47.62,2.71
800,"Cluster 2",25,2,9,44.57,23,61,47.16,-2.59
801,"Cluster 1",13,2,18,15.81,8,91,14.93,0.88
802,"Cluster 2",29,1,8,52.33,24,47,53.05,-0.72
803,"Cluster 2",26,2,9,44.34,18,71,41.55,2.79
804,"Cluster 2",24,1,8,49.4,23,54,49.61,-0.21
805,"Cluster 2",27,2,9,42.66,18,69,41.73,0.93
806,"Cluster 3",59,2,5,84.24,35,34,80.1,4.14
807,"Cluster 1",10,2,15,8.09,7,93,14.26,-6.17
808,"Cluster 1",8,3,19,23.91,14,84,24.16,-0.25
809,"Cluster 1",10,3,17,20.45,12,81,20.6,-0.15
810,"Cluster 1",13,3,13,12.9,9,90,16.24,-3.34
811,"Cluster 2",25,2,8,50.87,21,60,47.31,3.56
812,"Cluster 1",5,2,15,17.17,9,87,17.57,-0.4
813,"Cluster 2",23,2,7,51.68,22,60,49.42,2.26
814,"Cluster 3",50,2,3,75.24,31,38,73.76,1.48
815,"Cluster 3",52,2,1,84.76,35,37,80.08,4.68
816,"Cluster 2",21,1,7,52,24,66,48.99,3.01
817,"Cluster 2",28,2,4,52.29,23,61,50.24,2.05
818,"Cluster 2",22,2,11,41.69,21,67,44.44,-2.75
819,"Cluster 1",9,2,11,10.41,7,93,16,-5.59
820,"Cluster 1",6,1,18,9.15,8,95,14.57,-5.42
821,"Cluster 1",13,3,13,23.33,10,75,22.08,1.25
822,"Cluster 2",24,1,9,47,21,67,45.59,1.41
823,"Cluster 1",8,1,13,12.28,6,88,16.54,-4.26
824,"Cluster 3",51,3,2,82.1,36,31,80.39,1.71
825,"Cluster 1",12,3,13,20.2,12,87,19.39,0.81
826,"Cluster 2",22,2,13,45.23,22,63,46.9,-1.67
827,"Cluster 1",14,2,20,13.32,5,87,15.69,-2.37
828,"Cluster 2",25,1,14,51.45,26,62,49,2.45
829,"Cluster 2",21,2,3,45.85,20,71,43.63,2.22
830,"Cluster 1",9,2,15,19.65,8,85,19.28,0.37
831,"Cluster 2",20,1,7,42.11,20,67,43.65,-1.54
832,"Cluster 3",48,2,5,80.09,34,37,79.3,0.79
833,"Cluster 1",8,3,16,16.35,11,89,18.59,-2.24
834,"Cluster 1",8,2,17,26.78,15,80,25.19,1.59
835,"Cluster 1",7,3,16,28.8,14,79,25.1,3.7
836,"Cluster 1",10,2,13,24.5,14,77,25.19,-0.69
837,"Cluster 1",11,3,14,17.52,8,83,17.38,0.14
838,"Cluster 1",13,2,14,15.36,7,86,16.99,-1.63
839,"Cluster 2",22,1,10,47.68,23,70,45.74,1.94
840,"Cluster 2",20,1,9,40.49,19,69,41.6,-1.11
841,"Cluster 3",55,2,1,85.05,37,25,80.53,4.52
842,"Cluster 1",7,2,16,21.49,13,84,22.62,-1.13
843,"Cluster 1",8,2,15,21.5,12,78,23.59,-2.09
844,"Cluster 2",24,2,7,47.95,20,56,47.04,0.91
845,"Cluster 1",9,2,14,19.85,11,79,23.54,-3.69
846,"Cluster 2",27,1,7,58.26,28,61,54.41,3.85
847,"Cluster 3",49,2,4,72.67,33,41,74.59,-1.92
848,"Cluster 2",23,2,9,39.19,18,79,39.19,0
849,"Cluster 2",16,2,6,48.87,23,55,48.12,0.75
850,"Cluster 2",27,2,9,53.13,24,66,48.05,5.08
851,"Cluster 2",25,2,8,46.07,21,64,46.2,-0.13
852,"Cluster 1",7,2,16,26.92,14,83,23.69,3.23
853,"Cluster 3",46,1,3,81.51,34,33,79.55,1.96
854,"Cluster 1",8,3,17,16.72,9,94,16.3,0.42
855,"Cluster 1",10,2,18,15.46,9,87,16.45,-0.99
856,"Cluster 1",12,1,12,13.03,8,98,16.2,-3.17
857,"Cluster 3",48,3,1,70.88,30,40,72.3,-1.42
858,"Cluster 2",22,2,7,40.18,18,71,40.95,-0.77
859,"Cluster 2",26,1,7,47.85,24,47,53.64,-5.79
860,"Cluster 3",53,1,2,76.2,35,33,77.67,-1.47
861,"Cluster 1",8,2,12,20.66,12,83,22.13,-1.47
862,"Cluster 2",24,2,10,37.24,16,63,40.81,-3.57
863,"Cluster 1",8,1,15,29.3,13,75,26.4,2.9
864,"Cluster 1",11,3,16,23.8,10,77,22.19,1.61
865,"Cluster 1",10,2,17,22.48,9,85,20.28,2.2
866,"Cluster 2",23,2,10,42.95,18,67,42.29,0.66
867,"Cluster 2",28,2,9,42.93,22,67,45.55,-2.62
868,"Cluster 2",25,2,5,44.83,19,60,44.73,0.1
869,"Cluster 1",9,2,14,26.15,14,80,25.09,1.06
870,"Cluster 1",9,2,15,24.84,15,76,25.53,-0.69
871,"Cluster 2",24,3,9,41.12,20,65,41.83,-0.71
872,"Cluster 2",18,3,6,39.93,21,69,42.11,-2.18
873,"Cluster 3",55,1,1,77.41,35,34,77.54,-0.13
874,"Cluster 1",10,2,15,19.39,10,94,16.06,3.33
875,"Cluster 3",55,3,3,69.66,31,50,70.65,-0.99
876,"Cluster 1",7,2,14,28.46,15,78,25.97,2.49
877,"Cluster 2",19,2,4,44.2,20,66,44.92,-0.72
878,"Cluster 1",11,2,16,25.85,14,75,24.81,1.04
879,"Cluster 3",52,2,5,83.71,35,33,80.42,3.29
880,"Cluster 1",15,2,17,5.05,4,90,11.44,-6.39
881,"Cluster 2",28,2,9,39.12,20,69,42.95,-3.83
882,"Cluster 3",44,2,2,75.97,34,33,78.24,-2.27
883,"Cluster 1",7,1,17,14.93,8,89,15.88,-0.95
884,"Cluster 2",30,2,10,54.67,25,63,50.94,3.73
885,"Cluster 1",9,2,15,18.54,9,83,19.48,-0.94
886,"Cluster 3",52,2,2,72.11,31,39,72.15,-0.04
887,"Cluster 1",10,1,14,19.42,12,75,23.81,-4.39
888,"Cluster 2",26,4,10,50.41,25,56,49.47,0.94
889,"Cluster 2",22,3,5,46.96,23,57,46.92,0.04
890,"Cluster 2",26,1,3,42.97,18,60,44.55,-1.58
891,"Cluster 1",13,2,15,5.29,5,100,13.52,-8.23
892,"Cluster 3",48,2,2,80.61,33,43,76.1,4.51
893,"Cluster 1",8,3,17,30.91,17,64,31.6,-0.69
894,"Cluster 1",9,3,17,11.2,5,88,13.71,-2.51
895,"Cluster 3",48,3,5,65.27,28,39,69.04,-3.77
896,"Cluster 3",45,1,6,81.86,35,36,79.67,2.19
897,"Cluster 2",23,4,7,47.03,21,60,45.59,1.44
898,"Cluster 2",16,1,5,48,21,54,49.17,-1.17
899,"Cluster 2",24,2,8,47.34,24,55,48.91,-1.57
900,"Cluster 3",47,3,3,84.75,34,33,80.47,4.28
901,"Cluster 3",49,3,1,81.77,37,39,77.33,4.44
902,"Cluster 1",11,2,15,23.45,11,80,23.19,0.26
903,"Cluster 3",48,2,4,82.43,35,28,80.69,1.74
904,"Cluster 1",11,4,13,13.96,8,82,16.93,-2.97
905,"Cluster 1",7,2,14,16.52,11,86,19.93,-3.41
906,"Cluster 1",7,3,15,28.05,12,71,25.79,2.26
907,"Cluster 3",50,2,3,78.27,32,32,75.83,2.44
908,"Cluster 3",48,1,1,72.57,34,51,74.76,-2.19
909,"Cluster 3",54,1,3,77.54,33,34,75.97,1.57
910,"Cluster 2",26,4,3,46,22,57,47.86,-1.86
911,"Cluster 2",17,2,8,45,22,65,46.19,-1.19
912,"Cluster 2",21,2,11,48.55,23,63,47.3,1.25
913,"Cluster 3",49,1,5,74.64,33,50,72.96,1.68
914,"Cluster 1",9,2,14,28.89,16,75,28.02,0.87
915,"Cluster 2",26,1,8,47.8,21,58,47.08,0.72
916,"Cluster 3",49,1,5,78.91,32,40,74.26,4.65
917,"Cluster 1",13,2,15,23.66,11,84,21.38,2.28
918,"Cluster 1",9,2,15,19.21,8,86,18.36,0.85
919,"Cluster 2",27,2,12,44.63,20,67,43.57,1.06
920,"Cluster 2",27,2,9,49.71,24,63,48.66,1.05
921,"Cluster 3",51,1,4,76.46,32,39,74.72,1.74
922,"Cluster 2",24,2,8,52.97,24,53,50.31,2.66
923,"Cluster 2",26,2,6,47.32,22,63,47.69,-0.37
924,"Cluster 3",48,2,1,83.09,35,33,80.33,2.76
925,"Cluster 1",11,1,15,20.94,13,79,26.51,-5.57
926,"Cluster 1",11,2,13,15,7,90,15.73,-0.73
927,"Cluster 2",22,2,6,35.69,16,72,37.84,-2.15
928,"Cluster 1",12,2,13,30.81,16,75,28.47,2.34
929,"Cluster 2",26,2,10,40.21,19,73,41.35,-1.14
930,"Cluster 3",45,2,4,74.03,32,38,74.83,-0.8
931,"Cluster 3",48,2,6,75.62,31,39,73.63,1.99
932,"Cluster 2",24,1,12,53.48,26,58,50.42,3.06
933,"Cluster 3",54,3,3,72.23,33,43,74.08,-1.85
934,"Cluster 1",9,4,14,21.11,11,81,19.83,1.28
935,"Cluster 3",53,3,6,75.01,34,37,76.06,-1.05
936,"Cluster 2",26,2,9,44.13,18,67,42.75,1.38
937,"Cluster 1",10,2,16,25.73,14,79,24.66,1.07
938,"Cluster 3",49,2,1,81.7,35,37,79.94,1.76
939,"Cluster 3",53,3,6,77.72,35,33,77.58,0.14
940,"Cluster 2",28,3,10,41.47,21,67,41.84,-0.37
941,"Cluster 3",53,2,5,73.39,34,36,77.64,-4.25
942,"Cluster 1",10,2,10,16.94,9,95,18.34,-1.4
943,"Cluster 2",21,2,7,46,22,62,47.94,-1.94
944,"Cluster 1",10,2,11,19.26,8,85,19.05,0.21
945,"Cluster 2",26,1,8,53.2,23,50,51.13,2.07
946,"Cluster 2",25,2,12,35.67,15,73,35.07,0.6
947,"Cluster 1",11,2,16,12.16,8,93,14.56,-2.4
948,"Cluster 2",23,1,9,40.92,19,66,42.05,-1.13
949,"Cluster 1",8,3,15,21.16,9,80,20.14,1.02
950,"Cluster 2",25,1,5,58.62,26,55,54.35,4.27
951,"Cluster 1",9,2,12,15.74,10,86,18.77,-3.03
952,"Cluster 2",29,2,11,45.32,20,67,44.5,0.82
953,"Cluster 3",50,1,3,77.18,33,38,76.09,1.09
954,"Cluster 2",28,2,8,47.94,21,55,47.37,0.57
955,"Cluster 2",23,1,10,43.42,20,61,44.21,-0.79
956,"Cluster 3",49,2,1,85.42,37,33,80.52,4.9
957,"Cluster 1",8,4,14,11.77,5,90,14.22,-2.45
958,"Cluster 2",24,1,6,46.08,19,67,44.56,1.52
959,"Cluster 1",9,1,14,20.36,11,75,23.36,-3
960,"Cluster 1",9,2,18,23.74,14,75,24.06,-0.32
961,"Cluster 1",10,2,17,19.65,9,81,20.26,-0.61
962,"Cluster 1",16,1,17,18.03,9,83,20.99,-2.96
963,"Cluster 1",15,3,13,13.07,6,82,14.99,-1.92
964,"Cluster 2",27,1,9,46.18,20,60,44.34,1.84
965,"Cluster 3",48,2,5,79.89,34,30,79.9,-0.01
966,"Cluster 1",7,4,15,19.91,10,87,18.45,1.46
967,"Cluster 1",10,2,14,16.83,10,81,19.41,-2.58
968,"Cluster 2",26,3,6,25.86,12,80,31.02,-5.16
969,"Cluster 3",52,2,6,71.46,31,46,71.15,0.31
970,"Cluster 1",10,3,14,22.87,12,79,22.35,0.52
971,"Cluster 3",59,2,3,74.03,33,44,74.58,-0.55
972,"Cluster 2",26,2,9,48.81,22,65,47.09,1.72
973,"Cluster 3",46,2,5,75.92,32,37,74.68,1.24
974,"Cluster 2",24,3,8,32.63,18,67,37.81,-5.18
975,"Cluster 2",22,2,8,42.64,19,67,42.35,0.29
976,"Cluster 1",9,2,14,34.16,15,65,30.52,3.64
977,"Cluster 3",49,2,5,71.76,30,43,72.31,-0.55
978,"Cluster 2",20,2,7,43.56,17,61,42.72,0.84
979,"Cluster 2",22,1,9,49.96,23,67,47.21,2.75
980,"Cluster 1",9,3,14,27.1,15,72,28.1,-1
981,"Cluster 1",8,2,18,25.48,11,78,22.91,2.57
982,"Cluster 1",12,2,15,19.28,11,90,19.43,-0.15
983,"Cluster 3",47,2,4,72.35,33,49,72.07,0.28
984,"Cluster 1",8,4,15,13.73,10,86,18.39,-4.66
985,"Cluster 3",46,2,5,74.2,34,44,74.58,-0.38
986,"Cluster 3",53,2,4,64.72,29,48,68.66,-3.94
987,"Cluster 2",32,2,10,46.51,20,65,44.77,1.74
988,"Cluster 2",25,2,9,43.61,19,72,41.59,2.02
989,"Cluster 2",32,4,9,42.35,21,62,44.46,-2.11
990,"Cluster 1",10,3,13,33.85,17,75,29.58,4.27
991,"Cluster 2",24,1,7,47.17,23,60,49.01,-1.84
992,"Cluster 2",20,2,10,49.88,22,56,47.96,1.92
993,"Cluster 1",9,3,12,12.1,6,80,15.9,-3.8
994,"Cluster 1",12,2,12,17.69,12,85,21.04,-3.35
995,"Cluster 1",14,3,19,34.39,17,81,30.07,4.32
996,"Cluster 3",53,2,3,72.27,29,38,72.57,-0.3
997,"Cluster 1",7,1,18,13.46,10,91,16.62,-3.16
998,"Cluster 2",25,2,10,50.92,22,49,49.93,0.99
999,"Cluster 1",6,3,15,17.03,9,90,16.86,0.17
1000,"Cluster 2",27,2,8,49.86,22,56,48.93,0.93
